Name,FC1,FC2,GSC Team
bobUK,4515-7230-7433,,5
Declan,4215-0694-1608,,5
Fred,3742-6329-0657,,5
FusionNY,0564-3597-8977,5117-0267-6941,5
Jawdyn,5331-7705-3021,,5
Kim,4472-7683-3591,,5
Kyon,2797-7312-9253,,5
py,0349-6004-4543,,5
roy,:4859-3205-0064,1204-4123-8481,5
Sal,1337-4417-2223,,5
Spec,4730-4740-4760,,5
zach,0091-9116-0000,,5
Dhavz,2153-4911-4855,,8610
rogue,1294-4986-0754,,8610
Serene,2668-8825-2515,,8610
Feysal,2368-2401-7819,,airy
Jack,3613-7745-6793,,airy
Kasperinos,3399-0339-3300,,airy
LukeIRE,5031-1124-3696,,airy
Neuro,0349-6004-3842,,airy
Quinn,4640-0793-0184,,airy
Ruby,0607-3069-4798,,airy
Xander,4343-9182-6901,,airy
Aditya,3613-7773-6772,,Apocalypse
Alberto,0605-8198-1596,,Apocalypse
Batcake,5074-0640-9200,,Apocalypse
Bixbolt,4215-0835-8671,,Apocalypse
Fay,3356-0805-0549,,Apocalypse
Insane,3227-2277-6058,,Apocalypse
Sky9,3441-9873-7927,,Apocalypse
Smash,3227-2271-3276,,Apocalypse
Smoke,1378-4092-6599,,Apocalypse
Tom,4429-8269-8410,,Apocalypse
Arrow,2196-4348-1241,,Apocalypse Emerald
Camelot,3871-4771-2333,,Apocalypse Emerald
Chillz,3527-8777-9982,,Apocalypse Emerald
Thunda,1294-5024-0059,,Apocalypse Emerald
Torp,2582-9829-8021,,Apocalypse Emerald
Jeroen,0134-8518-2633,,Apocalypse Ruby
Shix,3739-9445-3474,,Apocalypse Ruby
Edge,0521-4031-8450,,Ascension
Jooosh,1723-9983-2730,5331-7713-9441,Ascension
Nany,3656-7267-2466,,Ascension
Nota,4386-8705-5739,,Ascension
Phillip,4859-3145-8309,,Ascension
Sawyer,1809-8902-8316,,Ascension
Soon,2711-8376-7744,,Ascension
Sprixy,2582-9942-6835,,Ascension
Stubbz,1766-9468-2470,0134-8552-1611,Ascension
Twingy,3098-3787-5214,1337-4504-5750,Ascension
Zilla,2926-5841-3809,,Ascension
Ballin,5159-9617-0676,,Avail
Chéron,0736-1458-9776,,Avail
JAM,0607-3061-6828,,Avail
Joris,2196-4364-5904,,Avail
Kevin,4000-3330-3338,1337-4529-0175,Avail
Lucid,2325-2956-0053,,Avail
Nash,4471-1665-0900,,Avail
Nikos,1466-2898-9455,,Avail
Olifré,2793-5064-0529,,Avail
Paul,4000-3234-9902,,Avail
Thomas,2454-1409-0265,,Avail
Finnn,4558-6737-5834,,Baja Life
FredUS,2110-5397-4189,,Baja Life
mookie,0349-6106-5509,,Baja Life
Finite,4300-9704-9224,,Berserk
Fiona,2711-8399-6117,,Berserk
hiroto,2711-8314-6940,,Berserk
Hyp,1122-6928-7412,,Berserk
Kotoran,2883-6297-8556,2883-6432-3383,Berserk
Marron,0993-8484-0880,4086-2223-2120,Berserk
oga,4644-5765-0025,,Berserk
Paprika,2282-3487-3668,,Berserk
sukay,3656-7296-1413,,Berserk
toku,5074-0756-9658,,Berserk
Yasuo,2883-6296-9117,,Berserk
zR,4558-6723-5641,,Berserk
Ammo,0650-2512-2525,,Braindeads
BOBCHAN,4126-9801-8502,,Braindeads
charichan,0779-1013-1073,,Braindeads
MankOH,2840-6835-5667,,Braindeads
Nyoni,3399-0307-6098,,Braindeads
Sabo,2582-9951-6966,,Braindeads
Starlight,0779-1101-1155,,Braindeads
Yamaguchi,1638-0994-7740,,Braindeads
Alan,4472-7794-2987,,Burger Kings
Chris,2454-1347-1090,,Burger Kings
Death,2752-6747-4475,,Burger Kings
Mank,3998-1279-9775,,Burger Kings
Orange,3913-1337-7924,,Burger Kings
Political,1251-5510-1652,,Burger Kings
Rerim,1251-5493-9381,,Burger Kings
Scythe,1766-9461-4088,,Burger Kings
Solo,4730-4642-3936,,Burger Kings
Space,3184-2820-7899,,Burger Kings
trombonewizzerd,0865-0088-4650,,Burger Kings
Viktor,4300-9706-5532,,Burger Kings
Ardit,2797-7301-2714,,Caught in a melody
Charge,2967-5103-3075,,Caught in a melody
Kenny,5417-6635-5769,,Caught in a melody
Kiralte,0392-5499-9455,,Caught in a melody
Luciano,2883-6332-0933,,Caught in a melody
Marc,2411-1871-8486,,Caught in a melody
Markus,1337-4529-0175,,Caught in a melody
Mirymeg,2067-5892-8433,,Caught in a melody
Niklas,2926-5868-3805,,Caught in a melody
Razz,2239-3883-8734,,Caught in a melody
Salz,0392-5586-6209,,Caught in a melody
Act,1337-4422-2869,,Chef Stallion
Bran,3184-2806-6264,,Chef Stallion
Claw,2840-6935-1870,,Chef Stallion
Conor,0693-2082-0908,0822-0531-2388,Chef Stallion
Jed,3270-1902-2275,,Chef Stallion
Nuclear,2325-2925-2222,,Chef Stallion
Safire,0176-0200-2003,,Chef Stallion
Trap,4255-7908-2347,,Chef Stallion
Alec,2625-9428-4075,,Class F
Boshievie,1079-7522-4970,,Class F
chenzo27,4000-3345-0579,,Class F
Emily,4601-6183-6485,,Class F
Funky MK,4816-3742-2828,,Class F
JakeUK,4945-2233-2972,,Class F
MeatySticky,4644-5707-6087,,Class F
MoBa,1380-4039-0494,,Class F
Phoenix,4515-7215-9101,,Class F
Renvoid,3184-2908-5903,,Class F
Wit,1638-0969-7033,,Class F
Isaac,1895-7912-5145,,Contingency Black
Kaden,0048-9589-4815,,Contingency Black
Matt,2883-6353-7516,,Contingency Black
Nacht,2239-3942-3467,,Contingency Black
Ozzy,2711-8404-3571,,Contingency Black
Sugar,2840-6908-9875,,Contingency Black
Todd,5245-8673-9875,,Contingency Black
Alex,1681-0389-5210,2368-2337-1743,Contingency White
Behemoth,5460-6115-0718,,Contingency White
Charmender,5288-8210-4056,,Contingency White
Cynical,1938-7383-8781,1681-0518-2526,Contingency White
Dan,0048-9590-1903,,Contingency White
Klyde,0521-4053-7194,0220-7522-0359,Contingency White
Luis,5374-7123-7143,,Contingency White
Precision,2067-5890-3705,,Contingency White
Ryder,1380-4016-8729,4172-1340-2567,Contingency White
smu,4472-7714-1223,,Contingency White
StormW,5331-7730-5259,,Contingency White
EmilP,4043-2696-2112,,Daisy Squad
Kazam,2969-5426-8301,,Daisy Squad
LukeGB,1894-1845-7653,,Daisy Squad
Lunehov,4813-2363-8189,,Daisy Squad
Merc,0693-1976-7033,,Daisy Squad
Roast,0607-3038-2380,,Daisy Squad
rusoX,4343-9185-3376,,Daisy Squad
Sammeh,0392-5489-8393,,Daisy Squad
Shaka,2110-5361-6487,,Daisy Squad
Swig,4988-1756-6741,,Daisy Squad
Thomas,4945-2252-4971,,Daisy Squad
Bawp,4902-2659-6151,,Dishwasher Lasagna
Brandon,4943-7750-5144,,Dishwasher Lasagna
Garrett,5117-0139-3472,,Dishwasher Lasagna
Jip,1251-5504-8893,,Dishwasher Lasagna
Kona,3570-8324-1518,,Dishwasher Lasagna
KT,0822-0594-0394,,Dishwasher Lasagna
Lewis,1681-0515-5134,,Dishwasher Lasagna
Optllizer,2067-5846-9417,,Dishwasher Lasagna
osf,2110-5461-7108,,Dishwasher Lasagna
Parpie,1766-9479-1316,,Dishwasher Lasagna
sethseib,4816-3665-6338,,Dishwasher Lasagna
Skazi,1079-7568-6970,,Dishwasher Lasagna
Arti,4642-8389-5822,,Explorers of Time
Cookie,3568-5446-5134,,Explorers of Time
Ethan,3309-2321-6542,,Explorers of Time
Goobma,4384-7876-2643,,Explorers of Time
JaY,0392-5521-4029,,Explorers of Time
Josue,1251-5558-1543,,Explorers of Time
Maxx,4472-7680-2998,,Explorers of Time
Sabby,5115-6923-5863,,Explorers of Time
Spart,2840-6814-2745,,Explorers of Time
Yoshter,2754-7851-5800,,Explorers of Time
Zane,1464-5682-7023,,Explorers of Time
geno2205,2067-5989-3703,,Fogna
GHxST,2528-9945-7534,,Fogna
Gluke19,3227-2361-1564,,Fogna
JAYU,0907-9464-7401,,Fogna
Lore,0177-8011-1298,,Fogna
NITROFOX,2926-5898-1544,,Fogna
Arvo,3611-1232-8431,,George Arvo Mark Toad
Aura,4558-6675-6141,,George Arvo Mark Toad
Eric,0389-3835-0982,,George Arvo Mark Toad
George,2324-0318-3125,,George Arvo Mark Toad
Lion,0650-2460-7813,,George Arvo Mark Toad
Log,4644-5692-8517,2883-6436-8963,George Arvo Mark Toad
Logan,2581-1546-0143,,George Arvo Mark Toad
Luna,0478-4488-3103,,George Arvo Mark Toad
Mark,2711-8312-4623,,George Arvo Mark Toad
MikeV1,4043-2730-6307,0650-2476-4506,George Arvo Mark Toad
Toad,2065-7782-0410,,George Arvo Mark Toad
Brandon,2540-0401-3196,,GTFO
Crimson,4730-4754-8162,,GTFO
Fuadius,3914-4212-2982,,GTFO
Jamo,1337-4551-5526,,GTFO
JMAN37,1681-0463-4049,,GTFO
JoshCAN,1208-5944-6554,,GTFO
Pat1,2368-2455-3251,,GTFO
Siege,0907-9551-5131,,GTFO
TheCoolBoy,4129-1724-7900,,GTFO
ZGunnar,3656-7309-4193,,GTFO
Asuna,1683-0953-6965,,Haimi-shvalkyries
Babe,1423-3437-2508,,Haimi-shvalkyries
ensuto,1809-9005-6773,,Haimi-shvalkyries
minato,5288-8214-1400,,Haimi-shvalkyries
Satopy,0091-9096-1191,,Haimi-shvalkyries
Aidlo,3957-3731-6362,,Heaven's Kitchen
Blue Up,1036-8036-8604,,Heaven's Kitchen
Divine,3656-7286-4071,,Heaven's Kitchen
epicdevil,4000-3295-8526,,Heaven's Kitchen
Fizzy Spaghet,3227-2407-3178,,Heaven's Kitchen
Ghost,0822-0493-2818,,Heaven's Kitchen
Nearh,0907-9569-9513,,Heaven's Kitchen
Onyx,0607-3100-2745,,Heaven's Kitchen
Rhino,3484-9354-4228,,Heaven's Kitchen
Rorsburg,0348-0276-1895,,Heaven's Kitchen
Sartaglo,0392-5523-7209,,Heaven's Kitchen
Sucio,1638-1011-0100,,Heaven's Kitchen
GabrielUS,4902-2785-9079,,Hell's Kitchen
Joey,1809-8881-7554,,Hell's Kitchen
Nlaw,2497-0902-1430,,Hell's Kitchen
Pharis,3313-1397-0485,,Hell's Kitchen
Ripper,1466-2971-3144,,Hell's Kitchen
Rock Dude,2411-1823-7939,,Hell's Kitchen
Snoopy,2067-5996-4560,,Hell's Kitchen
xWill,1809-9008-2591,,Hell's Kitchen
Yang,4859-3243-2154,,Hell's Kitchen
chateaux,2497-0848-5317,,Hispania
Jay,1208-5926-9986,,Hispania
Klover,1981-6869-4068,,Hispania
Shiroe,4642-2855-1186,,Hispania
Apple,2580-3393-5733,,ici ça bz
Browks,3699-6771-8537,,ici ça bz
Dryade,0392-5601-9832,,ici ça bz
Gisko,3699-6841-0413,,ici ça bz
JayM,4429-8246-6390,,ici ça bz
Kroma,0006-0022-1894,,ici ça bz
Luxii,4386-8799-7590,,ici ça bz
Lxddz,4555-1227-1749,,ici ça bz
Mat,0006-0026-4451,1294-4913-9734,ici ça bz
Pansh,1165-6431-7946,,ici ça bz
Shark,4386-8790-5577,,ici ça bz
Berry,2497-0941-5511,,Infinite Moon
Brannon,0134-8607-7237,,Infinite Moon
Kenzo,5245-8734-1511,0693-2100-4330,Infinite Moon
LT,1981-6890-3884,,Infinite Moon
Shadow,0305-3220-5376,5031-1270-7251,Infinite Moon
Snow,2067-5865-5496,,Infinite Moon
Sully,4988-1714-4851,,Infinite Moon
Trashy,3828-5225-8755,,Infinite Moon
tulls,3828-5242-8602,,Infinite Moon
Alex,5031-1268-0753,,Infinite Sun
Alpha,3484-9279-5084,,Infinite Sun
Calum,5031-1177-8704,,Infinite Sun
chi,0736-1549-6285,,Infinite Sun
Cross,5371-9119-2734,,Infinite Sun
Dermo,0006-0025-9138,,Infinite Sun
Galla,3441-9848-0492,,Infinite Sun
JonahMD,3270-1790-1253,,Infinite Sun
KRUSTYKRAB,7769-1133-7420,,Infinite Sun
LeonNL,1766-9504-1312,,Infinite Sun
Lonie,2754-7885-4332,,Infinite Sun
Moises,0091-9141-4273,,Infinite Sun
Broly,5287-1765-3928,,Jugar o Pensar
Darkz,4343-9248-0756,,Jugar o Pensar
Fabian,5288-8241-3274,,Jugar o Pensar
Josemi,1165-6508-1759,,Jugar o Pensar
Kopa,2282-3475-9733,,Jugar o Pensar
Mythos,2108-7783-4048,,Jugar o Pensar
nxSergio,2067-5857-9194,,Jugar o Pensar
Pabloski,5117-0199-2419,,Jugar o Pensar
Rentorar,1078-1278-8838,,Jugar o Pensar
Rompe,3098-3845-8673,,Jugar o Pensar
Vilxs,0950-8969-6369,,Jugar o Pensar
Zorro,5159-9695-0050,,Jugar o Pensar
frozen,4343-9261-8685,,Jx.
Jake,1638-0965-7457,,Jx.
Jeff,0774-4622-5300,,Jx.
Ken,5288-8108-8844,,Jx.
Matt EuTF,3353-9658-0443,,Jx.
Mike,3055-4419-7075,,Jx.
mura,1294-4924-7889,,Jx.
Ornan,2711-8357-2182,,Jx.
Pryze,1548-9148-1138,,Jx.
Sam,3098-3883-1931,3227-2325-7238,Jx.
Shaun,1552-1889-8425,,Jx.
Thunder,2840-6892-4571,4429-8271-4522,Jx.
Braixen,0518-2555-8124,,Jx. Grillsquad
ChainChompBraden,1977-1701-1972,,Jx. Grillsquad
Claus,5374-7240-2317,,Jx. Grillsquad
Danny,1337-4487-1221,,Jx. Grillsquad
dksc4life,1509-2496-8072,,Jx. Grillsquad
JustinH,2754-7823-0017,,Jx. Grillsquad
Logan,1079-7447-5480,,Jx. Grillsquad
Malachy,3055-4355-9531,,Jx. Grillsquad
Sabby,3699-6826-4172,,Jx. Grillsquad
ZeldaCubed,0306-6503-7406,,Jx. Grillsquad
Kyle,3141-3289-4376,,KFC
Mike,1724-0000-2631,,KFC
DemonMK,2067-5947-2937,,Les Lions de l'Atlas
Drone,3441-9767-7744,,Les Lions de l'Atlas
FK Yazid,0220-7516-5940,,Les Lions de l'Atlas
Froej,3055-4281-4587,,Les Lions de l'Atlas
Georgio,0220-7586-6616,,Les Lions de l'Atlas
KB9,5331-7692-0834,,Les Lions de l'Atlas
LaToiture,3012-4807-5785,,Les Lions de l'Atlas
Lukas,4215-0802-3263,,Les Lions de l'Atlas
Nougat,0948 7734 5553,,Les Lions de l'Atlas
SnoopyFR,1208-5967-5261,,Les Lions de l'Atlas
VicZ,3227-2295-1995,,Les Lions de l'Atlas
yuchiro,5159-9711-8096,,Les Lions de l'Atlas
Arvin,2625-9435-9931,,Lethal Vengeance
Callum,5417-6607-9597,,Lethal Vengeance
Derek,1766-9377-3270,,Lethal Vengeance
Hibberd,3313-1391-3199,,Lethal Vengeance
Ivan,4472-7688-4301,,Lethal Vengeance
Nathan,1550-8913-8958,,Lethal Vengeance
psycho,1981-6868-2283,,Lethal Vengeance
RyanUK,2196-4423-5175,,Lethal Vengeance
Sufy,0478-4536-7459,,Lethal Vengeance
Swampy,5031-1168-1597,,Lethal Vengeance
zach,1509-2400-8614,,Lethal Vengeance
zenith,4902-2708-8366,4043-2710-8119,Lethal Vengeance
Brody,1638-1014-2648,,Lightspeed KittyCats
Christan,3653-7751-0422,,Lightspeed KittyCats
Evan,2797-7407-6923,,Lightspeed KittyCats
Goober,4129-1712-2643,,Lightspeed KittyCats
Iris,2196-4420-7344,,Lightspeed KittyCats
Kyon,0822-0448-9999,,Lightspeed KittyCats
maisie,3871-4832-5850,,Lightspeed KittyCats
Matt,2368-2366-9567,,Lightspeed KittyCats
Monyz,0220-7512-6227,,Lightspeed KittyCats
Taka,2926-5805-9814,,Lightspeed KittyCats
Zesti,2967-9324-5621,,Lightspeed KittyCats
Beulah,4000-3210-5203,,Lightspeed Noah
Eon,3182-1355-5801,,Lightspeed Noah
Justin,2368-2338-6841,,Lightspeed Noah
KA,3010-2050-8492,,Lightspeed Noah
Kev,3742-6252-3514,,Lightspeed Noah
Malone,3313-1351-1531,,Lightspeed Noah
Maxi,0090-6184-0830,,Lightspeed Noah
Miles,4000-3279-9874,,Lightspeed Noah
Nix,1981-6876-0135,,Lightspeed Noah
Noah,2065-0853-3104,,Lightspeed Noah
Rush,4041-7842-0358,,Lightspeed Noah
4Vex,3227-2265-4048,,Long Shaft University
Abyssary,2969-5325-8670,,Long Shaft University
Dragz,1423-3465-0500,,Long Shaft University
Embrez,0177-8110-6122,,Long Shaft University
Fresco,0220-7510-8777,,Long Shaft University
John,5245-8702-6960,,Long Shaft University
Kro,0779-1033-3727,,Long Shaft University
Tony,0693-1985-4029,,Long Shaft University
Trippy,5202-9193-4016,,Long Shaft University
Zap,3184-2865-5246,,Long Shaft University
BSH,2668-8889-7774,,Luminescence
Dams,4429-8199-7799,,Luminescence
Deano,3141-3309-3575,,Luminescence
GeorgePlays02,0521-4047-5598,,Luminescence
Jessica,3914-4355-3064,,Luminescence
Jezr,3141-3318-7251,,Luminescence
Monty,4773-4236-8101,,Luminescence
SpiritX,5202-9202-2751,,Luminescence
USK,0993-8499-7476,,Luminescence
Yuto,4902-2759-2768,,Luminescence
Crowe,2926-5878-5495,,Lz
Dane,1419-5813-5333,,Lz
Leon,0349-6006-6968,,Lz
Ruki,0349-6004-3835,,Lz
Silviu,3828-5229-0681,,Lz
Tears,1509-2413-5417,,Lz
draggy,5031-1166-6793,,Man I Love Funky
Falco,1723-9966-8674,,Man I Love Funky
JackAUS,2411-1833-5658,,Man I Love Funky
JakeSG,2754-7876-5804,,Man I Love Funky
Jup,4472-7768-5403,,Man I Love Funky
Star,3012-4804-5386​,,Man I Love Funky
TrentAUS,0864-9948-3474,,Man I Love Funky
Zakziko,4730-4710-2232,,Man I Love Funky
Zev,3055-4380-4084,,Man I Love Funky
BigRaz,0263-7076-0421,2668-8935-4860,Mate-Mate
Deakon,5117-0128-5071,,Mate-Mate
Fear,1294-5036-8080,,Mate-Mate
Jake,4258-0333-6542,,Mate-Mate
Mate,1509-2420-6937,,Mate-Mate
Ruben,0822-0593-9291,,Mate-Mate
Simeon,3441-9835-9839,0779-1094-3561,Mate-Mate
Theo,4000-3246-9761,,Mate-Mate
Toddy,3785-5741-3464,,Mate-Mate
Vestoga,0048-9579-7541,,Mate-Mate
64,3441-9811-1446,,Megavolt
Fernandez,3527-8879-0409,,Megavolt
Horse,4472-7742-4223,,Megavolt
JackCAN,2110-5461-2756,3184-2879-5158,Megavolt
Jaggy,2580-5050-0147,,Megavolt
Lifeboat,2540-0451-9478,,Megavolt
Setsumi,4429-8191-2485,,Megavolt
Shura,1766-9512-1091,,Megavolt
yayori,1337-4420-7148,0349-6008-6898,Megavolt
Apraxia,4215-0705-2144,,Meteor
Eirik,3098-3826-3325,,Meteor
halr,0134-8585-4211,,Meteor
Hawk,1466-2912-4463,,Meteor
Kingler,3313-1256-1710,,Meteor
Knee,4600-3557-9600,,Meteor
TK,3914-4239-7793,,Meteor
Boodog9,5288-8160-7204,,Metro Wipeout 2
Denmark,4597-3865-2553,,Metro Wipeout 2
Ice,0263-7077-1962,,Metro Wipeout 2
Kasper,4086-2203-7816,,Metro Wipeout 2
Korra,0950-8954-1218,,Metro Wipeout 2
Leops,2711-8324-4883,,Metro Wipeout 2
Locky,3699-6759-6032,,Metro Wipeout 2
Ryan,2966-6524-7278,,Metro Wipeout 2
Sean,1723-9901-9393,,Metro Wipeout 2
Shamron,2325-2840-2545,,Metro Wipeout 2
Colvin,1636-4754-7171,,Millivolt
MarvinUS,4429-8243-4364,,Millivolt
2Dyslexic,4902-2779-3074,,Monolith
Ardux,3527-8828-8735,,Monolith
Axel,2711-8440-7910,,Monolith
Garde,5202-9222-6370,,Monolith
H7,4556-3864-7759,,Monolith
Houzamijagr,2411-1934-6233,,Monolith
hunterr,5417-6605-9443,,Monolith
Jax,3227-2277-5791,,Monolith
Juani 99,4172-1265-3554,,Monolith
myles,2411-1963-5199,,Monolith
Sam G,5460-6228-6799,,Monolith
Snowy,4601-6298-4262,,Monolith
AaronSCO,0263-7053-3480,,MY13
Azn,1895-7902-4602,,MY13
Boshi,3570-8255-6316,,MY13
Cormac,5417-6609-4455,,MY13
Dragonfly99,2540-0360-8159,,MY13
FreshZ,2582-9869-8509,,MY13
Kira,4129-1714-8812,,MY13
Raptor,1766-9388-2570,,MY13
Sardine,4172-1295-1847,,MY13
Spoof,2325-2850-7931,,MY13
Weexy,0435-5102-8204,,MY13
Zyr,1122-7058-1860,,MY13
Alex,4215-0764-6047,,MY14
Azuki,2282-3400-2062,,MY14
Dawn,2540-0341-7915,,MY14
Elbling,5114-5039-7324,4515-7220-2586,MY14
Juicy,3055-4352-2346,,MY14
Kjeld,2192-0515-4747,,MY14
Loonar,1552-1932-8668,,MY14
MHS,2883-6411-3991,,MY14
NathanUK,5374-7174-0032,,MY14
Nubbly,3141-3403-3100,,MY14
Tigerwoods,4859-3178-4011,,MY14
aymr,4300-9698-6129,,Nitamago
Foo,3655-1780-9609,,Nitamago
Hinako,1766-9459-4864,,Nitamago
kaguya,1681-0399-3581,,Nitamago
Mossan,3141-3334-3616,,Nitamago
nago,4472-7776-1282,,Nitamago
Qmugehu,4730-4691-2598,,Nitamago
suis,0306-6551-5643,,Nitamago
sumosuma,3141-3314-4679,,Nitamago
tobun,3141-3402-0493,,Nitamago
Yasuyoshi,2067-5915-5701,,Nitamago
Akira,2926-5814-2129,,Northwest
Andrei,0091-9029-5792,,Northwest
Beau,1638-0913-5142,,Northwest
Deloicious,4988-1709-3963,,Northwest
Dragone,0865-0030-6188,,Northwest
EvanTX,3356-0843-4025,,Northwest
Nicki,3356-0896-0124,,Northwest
Nxvy,2540-0422-9287,,Northwest
Saga,0478-4577-5077,,Northwest
Serene,0779-1100-7013,,Northwest
Test,4472-7759-5692,,Northwest
b0rt,2024-6384-1288,,Resurrection
Burke22,2540-0402-9638,,Resurrection
Caleb,3313-1359-5191,,Resurrection
Daze,2969-5312-0649,,Resurrection
Erupt,0134-8505-7714,,Resurrection
Goofy,4043-2705-5358,,Resurrection
Lumi,0648-2982-6982,,Resurrection
Noriken,0564-3537-9709,0220-7487-6148,Resurrection
skylar,1809-8941-9251,,Resurrection
Spade,5243-7160-5304,0006-0017-3996,Resurrection
stripe,3785-5722-6245,,Resurrection
zynno,1165-6422-7339,,Resurrection
ELP,4816-3782-2337,,Retain
jogn,3012-4786-1177,,Retain
Kit,1681-0501-4842,0607-3109-0738,Retain
Lachlan,3098-3922-3299,,Retain
pepe8610,4644-5717-7879,,Retain
Ruko,0736-1558-7737,,Retain
Timmi,3527-8836-8391,,Retain
Val,4988-1722-1882,,Retain
ZachNY,3527-8879-2316,,Retain
Francis,1077-6013-7414,,Shadow Team
Gabo,1208-6020-6223,,Shadow Team
Gumi,4902-2652-8943,,Shadow Team
Jaden,4212-0759-0161,,Shadow Team
Jesús,4558-6770-3451,,Shadow Team
Jorge,0989-1886-7905,,Shadow Team
Kyu,1378-9419-6064,,Shadow Team
Monster,1161-5979-1632,,Shadow Team
Saru,2239-3910-6437,,Shadow Team
EZ,3270-1857-6611,,Sigemori Gamers
Kyoryu,0564-3516-1542,,Sigemori Gamers
Miya,4258-0298-7106,,Sigemori Gamers
Rigel,3957-3762-7111,,Sigemori Gamers
tank,5159-9729-8144,,Sigemori Gamers
9Sweetie,2110-5377-4584,,Southwest
Akseli,4902-2710-1668,,Southwest
Ben,0864-9983-5463,,Southwest
Layla,5159-9681-6330,,Southwest
Lewy,3484-9322-0511,,Southwest
Edison,3399-0394-0724,,Superbia
Kasper,1208-5949-8691,,Superbia
Maq,2666-8059-6789,4083-3790-9771,Superbia
Revan,3828-5212-5823,,Superbia
Revise,3697-4327-1061,,Superbia
Serena,3012-4807-0501,,Superbia
Shawn,2796-1052-3532,,Superbia
Starstrike,0349-5995-5916,,Superbia
Vincent B,4558-6660-7809,,Superbia
amp,0392-5489-1276,,SVy
Az,3356-0780-1530,,SVy
Deco,0176-5541-9084,,SVy
negima,4644-5730-3839,,SVy
non,5031-1137-3592,,SVy
Prin,0478-4467-9824,,SVy
rui,2711-8322-1994,,SVy
SCAR,3742-6315-9585,,SVy
sebas,2368-2353-3333,,SVy
Shamo,0607-2957-3670,,SVy
yuiazu,2194-0574-7893,,SVy
Edna,1937-0661-6267,,Team Elite Neets
Hizumi,3910-3592-0645,,Team Elite Neets
Impact,1766-9462-1621,,Team Elite Neets
Kapera,3098-3781-6093,,Team Elite Neets
Nonge,5330-2085-2490,,Team Elite Neets
Raf,2840-6813-0943,,Team Elite Neets
Ry,0478ｰ4567ｰ9805,,Team Elite Neets
sekai,4000-3286-5990,,Team Elite Neets
trace,4086-2249-1666,,Team Elite Neets
yoshikz,2883-6338-7035,,Team Elite Neets
Akiyo,1681-0406-1288,,Team GUN
Baore,2153-4991-0644,,Team GUN
Cobra,2796 5074 6979,,Team GUN
Cosmos,0820-7515-3020,,Team GUN
Dalkir,0864-9968-1080,,Team GUN
Fatal,3570-8380-6932,,Team GUN
k1ng,2840-6808-6295,,Team GUN
Nico,5202-9162-5431,,Team GUN
Sasa,3869-6197-9069,,Team GUN
Zenon,1294-4938-3534,,Team GUN
Zoan,1852-8478-9344,,Team GUN
Alex99,0134-8572-5504,,The Nice Guys
Benito,2067-5880-0241,,The Nice Guys
brisk,2582-9833-7578,,The Nice Guys
chaos,0521-3992-9431,0865-0090-3265,The Nice Guys
ConnorUS,4687-5232-6381,,The Nice Guys
Dino,2840-6821-3506,,The Nice Guys
Kaizo,4172-1215-9227,,The Nice Guys
Kingster,3914-4235-9124,,The Nice Guys
Luk3,1165-6506-0268,,The Nice Guys
Noah Cove,1981-6940-3802,,The Nice Guys
Rey,3957-3848-5065,,The Nice Guys
yuyu,0607-2977-6167,,The Nice Guys
Ayanami,0091-9026-4546,,UC
bodge,1423-3549-9453,,UC
Henry,2883-6362-4309,,UC
Hoesay,0091-9101-7995,,UC
Lambo,1337-4557-3470,,UC
mephisto,2582-9914-6578,,UC
Miomega,2711-8328-2209,,UC
saky,3699-6752-0444,,UC
Sayn,4300-9788-6445,,UC
Storm,5374-7092-9070,,UC
yasu,0220-7551-2729,,UC
Zn,5288-8218-0000,,UC
Daviid,2411-1874-4456,,unity zone
Enxrqy,5245-8617-0276,,unity zone
Hebo,1981-6882-6420,,unity zone
Jzck,2580-2127-6977,,unity zone
Kenny,0091-9092-6539,3699-6872-4174,unity zone
Lloyd,4213-0294-7775,,unity zone
LucaGER,2883-6413-3683,,unity zone
Solem,5117-0169-9931,,unity zone
Subaza,3957-3838-3300,,unity zone
Swag,0349-6063-2493,,unity zone
Watcha,5031-1176-5084,,unity zone
ZedR,2667-4643-2328,,unity zone
Armyu,4859-3147-1751,,Versatile
bobby,0263 7000 0322,,Versatile
CJPetey,1165-6517-1015,,Versatile
Elana,1380-4003-0040,,Versatile
Jazz,0564-3504-1579,,Versatile
NoahsArk,4988-1727-4451,,Versatile
Rick,2625-9382-5901,,Versatile
SonicAdam,0347-3155-5733,,Versatile
Supreme,5331-7613-6606,,Versatile
tong,2067-6001-2742,,Versatile
z joe,2495-2667-1761,,Versatile
Josh,4945-2196-6892,,Yakuza
Leo,4043-2731-4907,,Yakuza
MeraTrak,2239-3899-4881,,Yakuza
ops,2497-0934-7018,,Yakuza
Qatar,1423-3504-0359,,Yakuza
Richard,0392-5620-9762,,Yakuza
Vicious,3957-3713-3566,,Yakuza
Virazz,4129-1819-6718,,Yakuza
Xavier,0134-8508-4135,,Yakuza
Zalm,0263-7001-3705,,Yakuza
Adonis,0822-0517-7039,,βτ
Alex,2325-2967-2631,,βτ
andreese,5417-6642-4980,,βτ
Bickbork,0091-9091-5165,,βτ
broph,1079-7519-7154,,βτ
Hedwig,4129-1753-7059,,βτ
Hydr8ion,4172-1272-3317,,βτ
Sassak,2797-7368-5957,,βτ
Schultz,2668-8838-4097,,βτ
SteveUS,2840-6847-7681,,βτ
Tunes,3399-0373-9930,,βτ
Agger,1294-4974-6716,,λυspicion
Areo,4945-2266-4526,,λυspicion
Elox,0175-1511-7680,,λυspicion
FrankDaSpeed,4730-4742-4883,2153-4995-0197,λυspicion
Garry,0220-7581-7873,,λυspicion
Goomba,4086-2294-0214,,λυspicion
Jayde,1251-5556-0095,,λυspicion
Karteer,3914-4284-5188,,λυspicion
Marco,3871-4803-5945,,λυspicion
MatthewAUS,1294-5034-2576,,λυspicion
PKBOY,0392-5576-1734,,λυspicion
Vinny,0564-3543-0350,,λυspicion
Aker,0864-9953-0739,,Free Agents
alex,0521-3971-1195,,Free Agents
AstroBooker,4472-7661-8154,,Free Agents
Bad Wolf,4086-2278-0250,,Free Agents
Ben,2153-4901-1886,,Free Agents
Chilly,4984-9925-5184,,Free Agents
ciara,5031-1216-1890,,Free Agents
Clément,4511-3878-3394,,Free Agents
Elmer,1466-3013-4998,,Free Agents
EvasiveGC,5288-8123-4820,3871-4731-4054,Free Agents
Flowx,2067-5907-1776,,Free Agents
Formosa,0650-2561-1773,3828-5364-8681,Free Agents
fudgeSG,3527-8860-9672,,Free Agents
Hiduke,2110-5450-4444,,Free Agents
hnery,2540-0321-2279,,Free Agents
Jamez,3699-6747-6404,,Free Agents
Jan,1766-9384-8064,,Free Agents
Javi,2836-3180-7699,,Free Agents
Jef,2969-5403-5354,,Free Agents
Jesse,5031-1239-4725,,Free Agents
Judah,0779-0998-9397,,Free Agents
Kato,4773-4189-0814,0736-1599-1945,Free Agents
Krylo,3313-1334-1291,,Free Agents
LiamNL,4386-8738-0862,,Free Agents
Lidl19,0177-8104-4953,,Free Agents
Lily,2282-3464-8332,,Free Agents
Lorone,2497-0882-5857,,Free Agents
Marcine,1079-7453-0138,,Free Agents
Murray,0822-0501-6769,,Free Agents
NateRNH,3742-6374-5744,,Free Agents
NEO,2067-5964-0223,,Free Agents
Night,1251-5424-6485,,Free Agents
Noahb,4043-2766-0969,,Free Agents
Ouloul,0864-9997-0414,,Free Agents
Racer,0434-0772-8678,,Free Agents
Rahul,3699-6746-4718,,Free Agents
Saber,1981-6869-8580,,Free Agents
Samuel,5117-0112-9490,,Free Agents
Sasha,0993-8489-1100,0650-2605-1116,Free Agents
Scept,0177-7988-8666,,Free Agents
Spock,1079-7432-6162,,Free Agents
Taxi,2926-5826-4355,,Free Agents
Type,2883-6348-0710,,Free Agents
Victor,1895-7902-9550,,Free Agents
Wobii,1208-6055-2666,,Free Agents